{
    "read_files": "[ BartSimpson_R1.fastq.gz, BartSimpson_R2.fastq.gz]",
    "expected_format": "IU",
    "compatible_fragment_ratio": 1.0,
    "num_compatible_fragments": 1328,
    "num_assigned_fragments": 1328,
    "num_frags_with_concordant_consistent_mappings": 213,
    "num_frags_with_inconsistent_or_orphan_mappings": 1768,
    "strand_mapping_bias": 1.0,
    "MSF": 0,
    "OSF": 0,
    "ISF": 213,
    "MSR": 0,
    "OSR": 0,
    "ISR": 0,
    "SF": 826,
    "SR": 942,
    "MU": 0,
    "OU": 0,
    "IU": 0,
    "U": 0
}