{
    "read_files": "[ LisaSimpson_R1.fastq.gz, LisaSimpson_R2.fastq.gz]",
    "expected_format": "IU",
    "compatible_fragment_ratio": 1.0,
    "num_compatible_fragments": 1320,
    "num_assigned_fragments": 1320,
    "num_frags_with_concordant_consistent_mappings": 176,
    "num_frags_with_inconsistent_or_orphan_mappings": 1783,
    "strand_mapping_bias": 1.0,
    "MSF": 0,
    "OSF": 0,
    "ISF": 176,
    "MSR": 0,
    "OSR": 0,
    "ISR": 0,
    "SF": 832,
    "SR": 951,
    "MU": 0,
    "OU": 0,
    "IU": 0,
    "U": 0
}